brand,image,colours
adage_studio_project_x_unrefyned,last_three_10.jpg,"Dusty Pink, Coffee, Lavender"
adage_studio_project_x_unrefyned,last_three_11.jpg,"Dusty Pink, Coffee, Lavender"
adage_studio_project_x_unrefyned,last_three_12.jpg,"Dusty Pink, Coffee, Lavender"
adage_studio_project_x_unrefyned,last_three_13.jpg,"Dusty Pink, Coffee, Lavender"
adage_studio_project_x_unrefyned,last_three_14.jpg,"Coffee, Charcoal, Light Gray"
adage_studio_project_x_unrefyned,last_three_15.jpg,"Coffee, Charcoal, Light Gray"
adage_studio_project_x_unrefyned,last_three_4.jpg,"Sky Blue, Charcoal"
adage_studio_project_x_unrefyned,last_three_5.jpg,"Sky Blue, Charcoal"
adage_studio_project_x_unrefyned,last_three_6.jpg,"Coffee, Light Blue"
adage_studio_project_x_unrefyned,last_three_7.jpg,"Coffee, Light Blue"
adage_studio_project_x_unrefyned,last_three_8.jpg,"Dusty Pink, Coffee, Lavender"
adage_studio_project_x_unrefyned,last_three_9.jpg,"Dusty Pink, Coffee, Lavender"
adama_paris,adama_paris_1.jpg,"Chocolate Brown, Coffee, Orange"
adama_paris,adama_paris_10.jpg,Coffee
adama_paris,adama_paris_11.jpg,Coffee
adama_paris,adama_paris_12.jpg,Coffee
adama_paris,adama_paris_13.jpg,Coffee
adama_paris,adama_paris_14.jpg,"Light Pink, Chocolate Brown"
adama_paris,adama_paris_15.jpg,Coffee
adama_paris,adama_paris_16.jpg,"Terracotta/Rust, Coffee"
adama_paris,adama_paris_17.jpg,"Chocolate Brown, Coral"
adama_paris,adama_paris_18.jpg,Coffee
adama_paris,adama_paris_19.jpg,"Chocolate Brown, Coffee"
adama_paris,adama_paris_2.jpg,"Chocolate Brown, Coffee, Orange"
adama_paris,adama_paris_20.jpg,"Chocolate Brown, Coffee"
adama_paris,adama_paris_21.jpg,Coffee
adama_paris,adama_paris_22.jpg,Terracotta/Rust
adama_paris,adama_paris_23.jpg,Coffee
adama_paris,adama_paris_3.jpg,Burgundy/Maroon
adama_paris,adama_paris_4.jpg,"Terracotta/Rust, Coffee"
adama_paris,adama_paris_5.jpg,"Coffee, Coral"
adama_paris,adama_paris_6.jpg,"Chocolate Brown, Coffee, Orange"
adama_paris,adama_paris_7.jpg,"Chocolate Brown, Coffee"
adama_paris,adama_paris_8.jpg,"Chocolate Brown, Coffee"
adama_paris,adama_paris_9.jpg,"Coffee, Orange, Coral"
ajabeng,ajabeng_1.jpg,Coffee
ajabeng,ajabeng_10.jpg,Coffee
ajabeng,ajabeng_11.jpg,Light Gray
ajabeng,ajabeng_12.jpg,Lavender
ajabeng,ajabeng_13.jpg,"Dusty Pink, Charcoal"
ajabeng,ajabeng_14.jpg,Coffee
ajabeng,ajabeng_15.jpg,Coffee
ajabeng,ajabeng_2.jpg,"Coffee, Mustard Yellow"
ajabeng,ajabeng_3.jpg,"Terracotta/Rust, Coffee"
ajabeng,ajabeng_4.jpg,"Coffee, Orange"
ajabeng,ajabeng_5.jpg,"Coffee, Peach"
ajabeng,ajabeng_6.jpg,"Dusty Pink, Coffee, Lavender"
ajabeng,ajabeng_7.jpg,
ajabeng,ajabeng_8.jpg,"Coffee, Lavender"
ajabeng,ajabeng_9.jpg,"Coffee, Lavender"
ajanee,ajanee_1.jpg,"Terracotta/Rust, Burgundy/Maroon, Coffee"
ajanee,ajanee_10.jpg,Light Gray
ajanee,ajanee_11.jpg,"Terracotta/Rust, Coffee, Light Gray"
ajanee,ajanee_12.jpg,"Coffee, Crimson, Light Gray"
ajanee,ajanee_13.jpg,"Crimson, Dusty Pink, Coffee"
ajanee,ajanee_14.jpg,"Coffee, Lavender"
ajanee,ajanee_15.jpg,"Burgundy/Maroon, Crimson"
ajanee,ajanee_16.jpg,"Charcoal, Orange, Light Gray"
ajanee,ajanee_17.jpg,"Crimson, Coffee, Light Gray"
ajanee,ajanee_18.jpg,"Crimson, Coffee, Light Gray"
ajanee,ajanee_19.jpg,"Crimson, Dusty Pink, Coffee"
ajanee,ajanee_2.jpg,"Coffee, Light Gray"
ajanee,ajanee_20.jpg,"Crimson, Coffee"
ajanee,ajanee_3.jpg,Dusty Pink
ajanee,ajanee_4.jpg,"Coffee, Orange"
ajanee,ajanee_5.jpg,"Chocolate Brown, Orange, Light Gray"
ajanee,ajanee_6.jpg,Light Gray
ajanee,ajanee_7.jpg,"Dusty Pink, Coffee, Lavender"
ajanee,ajanee_8.jpg,"Lavender, Light Gray"
ajanee,ajanee_9.jpg,"Charcoal, Light Gray"
babayo,babayo_1.jpg,"Terracotta/Rust, Coffee"
babayo,babayo_10.jpg,"Coffee, Lavender"
babayo,babayo_11.jpg,"Coffee, Lavender, Light Gray"
babayo,babayo_12.jpg,"Dusty Pink, Coffee, Lavender"
babayo,babayo_13.jpg,"Dusty Pink, Coffee, Lavender"
babayo,babayo_14.jpg,"Coffee, Light Gray"
babayo,babayo_15.jpg,"Terracotta/Rust, Burgundy/Maroon, Off-White/Cream"
babayo,babayo_16.jpg,"Burgundy/Maroon, Light Gray"
babayo,babayo_17.jpg,"Burgundy/Maroon, Light Gray"
babayo,babayo_18.jpg,"Burgundy/Maroon, Chocolate Brown"
babayo,babayo_19.jpg,"Crimson, Coffee"
babayo,babayo_2.jpg,"Terracotta/Rust, Coffee"
babayo,babayo_20.jpg,Light Gray
babayo,babayo_21.jpg,Black
babayo,babayo_22.jpg,Dusty Pink
babayo,babayo_23.jpg,"Coffee, Dusty Pink"
babayo,babayo_24.jpg,Coffee
babayo,babayo_25.jpg,Coffee
babayo,babayo_26.jpg,Light Gray
babayo,babayo_27.jpg,"Coffee, Lavender"
babayo,babayo_28.jpg,"Coffee, Lavender"
babayo,babayo_29.jpg,"Coffee, Lavender"
babayo,babayo_3.jpg,"Terracotta/Rust, Coffee"
babayo,babayo_30.jpg,"Coffee, Lavender"
babayo,babayo_31.jpg,"Dusty Pink, Coffee, Lavender"
babayo,babayo_32.jpg,"Coffee, Light Gray"
babayo,babayo_33.jpg,"Coffee, Peach"
babayo,babayo_4.jpg,"Coffee, Lavender"
babayo,babayo_5.jpg,"Terracotta/Rust, Coffee, Light Gray"
babayo,babayo_6.jpg,"Coffee, Light Gray"
babayo,babayo_7.jpg,"Coffee, Light Gray"
babayo,babayo_8.jpg,"Coffee, Lavender"
babayo,babayo_9.jpg,"Coffee, Lavender"
boyedoe,boyedoe_1.jpg,"Coffee, Peach"
boyedoe,boyedoe_10.jpg,"Sky Blue, Charcoal"
boyedoe,boyedoe_11.jpg,"Charcoal, Coffee, Light Gray"
boyedoe,boyedoe_12.jpg,"Dusty Pink, Coffee, Charcoal"
boyedoe,boyedoe_13.jpg,"Light Blue, Charcoal"
boyedoe,boyedoe_14.jpg,"Charcoal, Light Gray"
boyedoe,boyedoe_15.jpg,"Lavender, Charcoal"
boyedoe,boyedoe_16.jpg,"Dusty Pink, Charcoal"
boyedoe,boyedoe_17.jpg,"Dusty Pink, Charcoal"
boyedoe,boyedoe_18.jpg,"Charcoal, Light Gray"
boyedoe,boyedoe_19.jpg,"Terracotta/Rust, Dusty Pink, Charcoal"
boyedoe,boyedoe_2.jpg,"Terracotta/Rust, Coffee, Peach"
boyedoe,boyedoe_20.jpg,"Terracotta/Rust, Charcoal"
boyedoe,boyedoe_21.jpg,"Terracotta/Rust, Dusty Pink, Charcoal"
boyedoe,boyedoe_22.jpg,"Terracotta/Rust, Dusty Pink"
boyedoe,boyedoe_23.jpg,"Dusty Pink, Coffee, Coral"
boyedoe,boyedoe_24.jpg,"Chocolate Brown, Dusty Pink, Charcoal"
boyedoe,boyedoe_25.jpg,"Chocolate Brown, Lavender, Charcoal"
boyedoe,boyedoe_26.jpg,"Plum, Dusty Pink, Coral"
boyedoe,boyedoe_27.jpg,"Terracotta/Rust, Orange, Charcoal"
boyedoe,boyedoe_28.jpg,"Charcoal, Light Gray"
boyedoe,boyedoe_29.jpg,"Charcoal, Light Gray"
boyedoe,boyedoe_3.jpg,"Coffee, Peach"
boyedoe,boyedoe_4.jpg,Peach
boyedoe,boyedoe_5.jpg,"Terracotta/Rust, Coffee"
boyedoe,boyedoe_6.jpg,"Coffee, Charcoal"
boyedoe,boyedoe_7.jpg,Peach
boyedoe,boyedoe_8.jpg,"Charcoal, Light Gray"
boyedoe,boyedoe_9.jpg,"Plum, Charcoal, Light Gray"
cynthia_abila,cynthia_abila_10.jpg,Lavender
cynthia_abila,cynthia_abila_11.jpg,"Coffee, Light Gray"
cynthia_abila,cynthia_abila_12.jpg,"Chocolate Brown, Coffee, Orange"
cynthia_abila,cynthia_abila_13.jpg,"Chocolate Brown, Coffee, Orange"
cynthia_abila,cynthia_abila_14.jpg,"Chocolate Brown, Orange"
cynthia_abila,cynthia_abila_15.jpg,"Coffee, Chocolate Brown"
cynthia_abila,cynthia_abila_16.jpg,"Coral, Coffee, Light Gray"
cynthia_abila,cynthia_abila_17.jpg,"Terracotta/Rust, Orange, Peach"
cynthia_abila,cynthia_abila_18.jpg,"Terracotta/Rust, Coffee"
cynthia_abila,cynthia_abila_19.jpg,"Chocolate Brown, Mustard Yellow"
cynthia_abila,cynthia_abila_20.jpg,"Teal, Turquoise"
cynthia_abila,cynthia_abila_21.jpg,"Teal, Emerald Green"
cynthia_abila,cynthia_abila_22.jpg,"Lavender, Charcoal"
cynthia_abila,cynthia_abila_23.jpg,"Terracotta/Rust, Coffee, Lavender"
cynthia_abila,cynthia_abila_24.jpg,"Terracotta/Rust, Coffee, Peach"
cynthia_abila,cynthia_abila_25.jpg,Light Gray
cynthia_abila,cynthia_abila_26.jpg,"Coffee, Off-White/Cream"
cynthia_abila,cynthia_abila_3.jpg,Coffee
cynthia_abila,cynthia_abila_4.jpg,"Burgundy/Maroon, Crimson"
cynthia_abila,cynthia_abila_5.jpg,"Crimson, Orange, Coral"
cynthia_abila,cynthia_abila_6.jpg,"Crimson, Burgundy/Maroon, Coffee"
cynthia_abila,cynthia_abila_7.jpg,"Chocolate Brown, Coffee, Lavender"
cynthia_abila,cynthia_abila_8.jpg,"Terracotta/Rust, Coffee, Light Gray"
cynthia_abila,cynthia_abila_9.jpg,"Coffee, Lavender"
desiree_iyama,desiree_iyama_1.jpg,"Coffee, Peach"
desiree_iyama,desiree_iyama_10.jpg,"Plum, Coffee"
desiree_iyama,desiree_iyama_11.jpg,Light Gray
desiree_iyama,desiree_iyama_12.jpg,"Terracotta/Rust, Dusty Pink, Coffee"
desiree_iyama,desiree_iyama_13.jpg,"Light Pink, Coffee, Terracotta/Rust"
desiree_iyama,desiree_iyama_14.jpg,Coffee
desiree_iyama,desiree_iyama_15.jpg,"Coffee, Light Gray"
desiree_iyama,desiree_iyama_16.jpg,"Coffee, Light Gray"
desiree_iyama,desiree_iyama_17.jpg,"Coffee, Light Gray"
desiree_iyama,desiree_iyama_18.jpg,"Chocolate Brown, Coffee"
desiree_iyama,desiree_iyama_19.jpg,"Orange, Coffee, Mustard Yellow"
desiree_iyama,desiree_iyama_2.jpg,"Coffee, Off-White/Cream"
desiree_iyama,desiree_iyama_20.jpg,"Coffee, Light Gray"
desiree_iyama,desiree_iyama_21.jpg,"Coffee, Crimson, Hot Pink"
desiree_iyama,desiree_iyama_22.jpg,"Coffee, Mustard Yellow, Chocolate Brown"
desiree_iyama,desiree_iyama_23.jpg,"Coral, Crimson, Orange, Coffee"
desiree_iyama,desiree_iyama_24.jpg,"Coffee, Light Gray"
desiree_iyama,desiree_iyama_25.jpg,"Terracotta/Rust, Coffee, Off-White/Cream"
desiree_iyama,desiree_iyama_3.jpg,"Coffee, Light Gray"
desiree_iyama,desiree_iyama_4.jpg,"Coffee, Lavender"
desiree_iyama,desiree_iyama_5.jpg,"Coffee, Light Gray"
desiree_iyama,desiree_iyama_6.jpg,"Coffee, Lavender"
desiree_iyama,desiree_iyama_7.jpg,"Terracotta/Rust, Light Gray"
desiree_iyama,desiree_iyama_8.jpg,"Terracotta/Rust, Coffee, Light Gray"
desiree_iyama,desiree_iyama_9.jpg,"Charcoal, Coffee, Light Gray"
dimeji_ilori,dimeji_ilori_1.jpg,"Terracotta/Rust, Coffee, Crimson, Light Gray"
dimeji_ilori,dimeji_ilori_10.jpg,"Terracotta/Rust, Coffee, Light Gray"
dimeji_ilori,dimeji_ilori_11.jpg,"Dusty Pink, Light Purple"
dimeji_ilori,dimeji_ilori_12.jpg,"Plum, Dusty Pink, Purple"
dimeji_ilori,dimeji_ilori_13.jpg,"Coffee, Peach"
dimeji_ilori,dimeji_ilori_14.jpg,"Coffee, Light Gray"
dimeji_ilori,dimeji_ilori_15.jpg,"Terracotta/Rust, Light Pink"
dimeji_ilori,dimeji_ilori_16.jpg,"Terracotta/Rust, Crimson, Light Pink, Coffee"
dimeji_ilori,dimeji_ilori_17.jpg,"Terracotta/Rust, Light Pink, Crimson"
dimeji_ilori,dimeji_ilori_18.jpg,"Crimson, Light Pink, Coffee, Hot Pink"
dimeji_ilori,dimeji_ilori_19.jpg,"Crimson, Light Pink, Hot Pink"
dimeji_ilori,dimeji_ilori_2.jpg,"Burgundy/Maroon, Dusty Pink, Crimson"
dimeji_ilori,dimeji_ilori_20.jpg,"Crimson, Royal Blue, Terracotta/Rust, Coffee"
dimeji_ilori,dimeji_ilori_21.jpg,"Plum, Dusty Pink, Purple, Possible_Navy Blue"
dimeji_ilori,dimeji_ilori_22.jpg,"Terracotta/Rust, Coffee, Light Gray"
dimeji_ilori,dimeji_ilori_23.jpg,Lavender
dimeji_ilori,dimeji_ilori_24.jpg,Off-White/Cream
dimeji_ilori,dimeji_ilori_25.jpg,"Coffee, Light Gray"
dimeji_ilori,dimeji_ilori_26.jpg,Peach
dimeji_ilori,dimeji_ilori_27.jpg,"Coffee, Light Gray"
dimeji_ilori,dimeji_ilori_28.jpg,"Terracotta/Rust, Coffee, Light Gray"
dimeji_ilori,dimeji_ilori_29.jpg,"Dusty Pink, Light Purple"
dimeji_ilori,dimeji_ilori_3.jpg,"Burgundy/Maroon, Dusty Pink, Crimson"
dimeji_ilori,dimeji_ilori_30.jpg,"Plum, Dusty Pink, Purple"
dimeji_ilori,dimeji_ilori_31.jpg,"Coffee, Peach"
dimeji_ilori,dimeji_ilori_32.jpg,"Coffee, Light Gray"
dimeji_ilori,dimeji_ilori_33.jpg,"Terracotta/Rust, Light Pink"
dimeji_ilori,dimeji_ilori_34.jpg,"Terracotta/Rust, Crimson, Light Pink, Coffee"
dimeji_ilori,dimeji_ilori_35.jpg,"Terracotta/Rust, Light Pink, Crimson"
dimeji_ilori,dimeji_ilori_36.jpg,"Crimson, Light Pink, Coffee, Hot Pink"
dimeji_ilori,dimeji_ilori_37.jpg,"Crimson, Light Pink, Hot Pink"
dimeji_ilori,dimeji_ilori_38.jpg,"Crimson, Royal Blue, Terracotta/Rust, Coffee"
dimeji_ilori,dimeji_ilori_4.jpg,"Plum, Dusty Pink, Crimson"
dimeji_ilori,dimeji_ilori_5.jpg,"Burgundy/Maroon, Crimson, Coffee"
dimeji_ilori,dimeji_ilori_6.jpg,"Plum, Dusty Pink, Navy Blue, Burgundy/Maroon"
dimeji_ilori,dimeji_ilori_7.jpg,Burgundy/Maroon
dimeji_ilori,dimeji_ilori_8.jpg,Burgundy/Maroon
dimeji_ilori,dimeji_ilori_9.jpg,"Dusty Pink, Charcoal"
eki_silk,eki_silk_1.jpg,"Burgundy/Maroon, Crimson, Light Gray"
eki_silk,eki_silk_10.jpg,"Crimson, Dusty Pink, Coffee"
eki_silk,eki_silk_11.jpg,"Burgundy/Maroon, Dusty Pink, Crimson"
eki_silk,eki_silk_12.jpg,"Terracotta/Rust, Coffee, Light Gray"
eki_silk,eki_silk_13.jpg,"Dusty Pink, Crimson, Coffee"
eki_silk,eki_silk_14.jpg,"Crimson, Lavender"
eki_silk,eki_silk_2.jpg,"Coffee, Crimson, Light Gray"
eki_silk,eki_silk_3.jpg,"Crimson, Coffee, Light Gray"
eki_silk,eki_silk_4.jpg,"Crimson, Light Gray"
eki_silk,eki_silk_5.jpg,"Crimson, Coffee, Light Gray"
eki_silk,eki_silk_6.jpg,"Coral, Light Gray"
eki_silk,eki_silk_7.jpg,"Terracotta/Rust, Coffee, Orange, Light Gray"
eki_silk,eki_silk_8.jpg,"Coffee, Orange, Light Gray"
eki_silk,eki_silk_9.jpg,"Coral, Light Gray"
elexiay,elexiay_1.jpg,"Coffee, Light Blue"
elexiay,elexiay_10.jpg,"Light Pink, Coffee, Light Gray"
elexiay,elexiay_11.jpg,"Coffee, Orange, Light Gray"
elexiay,elexiay_12.jpg,"Dusty Pink, Coffee, Coral"
elexiay,elexiay_13.jpg,"Terracotta/Rust, Coffee, Lavender"
elexiay,elexiay_14.jpg,"Dusty Pink, Coffee, Lavender"
elexiay,elexiay_15.jpg,"Coffee, Light Gray"
elexiay,elexiay_16.jpg,"Terracotta/Rust, Burgundy/Maroon, Coffee"
elexiay,elexiay_17.jpg,"Terracotta/Rust, Burgundy/Maroon, Crimson, Coffee"
elexiay,elexiay_18.jpg,"Burgundy/Maroon, Crimson"
elexiay,elexiay_2.jpg,"Coffee, Light Blue"
elexiay,elexiay_3.jpg,"Charcoal, Light Gray"
elexiay,elexiay_4.jpg,"Light Purple, Light Blue, Royal Blue"
elexiay,elexiay_5.jpg,"Sky Blue, Coffee, Light Purple, Royal Blue"
elexiay,elexiay_6.jpg,"Light Purple, Light Blue, Charcoal"
elexiay,elexiay_7.jpg,"Terracotta/Rust, Light Pink, Coffee, Lavender"
elexiay,elexiay_8.jpg,"Light Pink, Coffee, Light Gray"
elexiay,elexiay_9.jpg,"Coffee, Light Gray"
emmy_kasbit,emmy_kasbit_10.jpg,"Coffee, Lavender"
emmy_kasbit,emmy_kasbit_11.jpg,"Lavender, Crimson, Terracotta/Rust, Coffee"
emmy_kasbit,emmy_kasbit_12.jpg,"Light Pink, Crimson"
emmy_kasbit,emmy_kasbit_13.jpg,"Coffee, Charcoal, Light Gray"
emmy_kasbit,emmy_kasbit_14.jpg,"Crimson, Coffee, Light Gray"
emmy_kasbit,emmy_kasbit_15.jpg,"Coffee, Crimson, Charcoal, Light Gray"
emmy_kasbit,emmy_kasbit_16.jpg,"Coffee, Light Gray"
emmy_kasbit,emmy_kasbit_17.jpg,"Coffee, Lavender"
emmy_kasbit,emmy_kasbit_18.jpg,"Coffee, Lavender"
emmy_kasbit,emmy_kasbit_19.jpg,"Coffee, Peach"
emmy_kasbit,emmy_kasbit_2.jpg,"Coffee, Light Gray"
emmy_kasbit,emmy_kasbit_20.jpg,"Coffee, Lavender, Light Gray"
emmy_kasbit,emmy_kasbit_21.jpg,"Dusty Pink, Coffee, Pure White"
emmy_kasbit,emmy_kasbit_22.jpg,"Terracotta/Rust, Coffee"
emmy_kasbit,emmy_kasbit_23.jpg,"Terracotta/Rust, Coffee, Light Gray"
emmy_kasbit,emmy_kasbit_24.jpg,"Teal, Possible_Light Purple, Charcoal, Light Gray"
emmy_kasbit,emmy_kasbit_25.jpg,"Teal, Coffee, Charcoal"
emmy_kasbit,emmy_kasbit_26.jpg,"Coffee, Lavender, Charcoal"
emmy_kasbit,emmy_kasbit_27.jpg,"Coffee, Lavender"
emmy_kasbit,emmy_kasbit_28.jpg,"Burgundy/Maroon, Lavender"
emmy_kasbit,emmy_kasbit_29.jpg,"Burgundy/Maroon, Dusty Pink, Lavender"
emmy_kasbit,emmy_kasbit_3.jpg,"Coffee, Light Gray"
emmy_kasbit,emmy_kasbit_30.jpg,"Terracotta/Rust, Coffee, Lavender"
emmy_kasbit,emmy_kasbit_31.jpg,"Dusty Pink, Coffee, Lavender"
emmy_kasbit,emmy_kasbit_32.jpg,"Dusty Pink, Coffee, Lavender"
emmy_kasbit,emmy_kasbit_33.jpg,"Possible_Royal Blue, Charcoal"
emmy_kasbit,emmy_kasbit_34.jpg,"Terracotta/Rust, Coffee"
emmy_kasbit,emmy_kasbit_35.jpg,"Coffee, Possible_Charcoal, Light Gray"
emmy_kasbit,emmy_kasbit_36.jpg,"Coffee, Light Gray"
emmy_kasbit,emmy_kasbit_37.jpg,Coffee
emmy_kasbit,emmy_kasbit_38.jpg,"Terracotta/Rust, Coffee, Light Gray"
emmy_kasbit,emmy_kasbit_39.jpg,"Teal, Coffee, Charcoal"
emmy_kasbit,emmy_kasbit_4.jpg,"Terracotta/Rust, Burgundy/Maroon"
emmy_kasbit,emmy_kasbit_40.jpg,"Terracotta/Rust, Charcoal"
emmy_kasbit,emmy_kasbit_41.jpg,"Light Pink, Crimson"
emmy_kasbit,emmy_kasbit_5.jpg,"Coffee, Lavender"
emmy_kasbit,emmy_kasbit_6.jpg,"Coffee, Lavender"
emmy_kasbit,emmy_kasbit_7.jpg,"Pure White, Light Gray"
emmy_kasbit,emmy_kasbit_8.jpg,"Plum, Lavender"
emmy_kasbit,emmy_kasbit_9.jpg,"Burgundy/Maroon, Coffee, Lavender"
eso_by_liman,eso_by_liman_1.jpg,"Coffee, Lavender"
eso_by_liman,eso_by_liman_10.jpg,"Coffee, Light Gray"
eso_by_liman,eso_by_liman_11.jpg,"Burgundy/Maroon, Light Gray"
eso_by_liman,eso_by_liman_12.jpg,"Coffee, Dusty Pink"
eso_by_liman,eso_by_liman_13.jpg,Black
eso_by_liman,eso_by_liman_14.jpg,"Plum, Orange, Chocolate Brown, Coffee"
eso_by_liman,eso_by_liman_15.jpg,"Charcoal, Chocolate Brown, Orange, Burgundy/Maroon"
eso_by_liman,eso_by_liman_16.jpg,"Coffee, Lavender"
eso_by_liman,eso_by_liman_17.jpg,"Chocolate Brown, Coffee, Light Gray"
eso_by_liman,eso_by_liman_18.jpg,Light Gray
eso_by_liman,eso_by_liman_19.jpg,"Dusty Pink, Charcoal"
eso_by_liman,eso_by_liman_2.jpg,"Coffee, Dusty Pink, Lavender"
eso_by_liman,eso_by_liman_20.jpg,"Dusty Pink, Light Purple, Charcoal"
eso_by_liman,eso_by_liman_21.jpg,"Dusty Pink, Charcoal"
eso_by_liman,eso_by_liman_22.jpg,"Coffee, Chocolate Brown"
eso_by_liman,eso_by_liman_23.jpg,Coffee
eso_by_liman,eso_by_liman_24.jpg,Coffee
eso_by_liman,eso_by_liman_25.jpg,Lavender
eso_by_liman,eso_by_liman_26.jpg,Coffee
eso_by_liman,eso_by_liman_27.jpg,"Dusty Pink, Coffee"
eso_by_liman,eso_by_liman_28.jpg,Crimson
eso_by_liman,eso_by_liman_29.jpg,"Crimson, Coffee"
eso_by_liman,eso_by_liman_3.jpg,"Dusty Pink, Lavender"
eso_by_liman,eso_by_liman_30.jpg,"Chocolate Brown, Coffee, Mustard Yellow"
eso_by_liman,eso_by_liman_31.jpg,"Chocolate Brown, Coffee, Mustard Yellow"
eso_by_liman,eso_by_liman_4.jpg,Lavender
eso_by_liman,eso_by_liman_5.jpg,"Lavender, Light Gray"
eso_by_liman,eso_by_liman_6.jpg,"Dusty Pink, Lavender, Charcoal"
eso_by_liman,eso_by_liman_7.jpg,"Coffee, Lavender"
eso_by_liman,eso_by_liman_8.jpg,Lavender
eso_by_liman,eso_by_liman_9.jpg,"Coffee, Lavender"
for_style_sake,for_style_sake_1.jpg,"Terracotta/Rust, Sky Blue"
for_style_sake,for_style_sake_10.jpg,"Plum, Sky Blue"
for_style_sake,for_style_sake_11.jpg,"Terracotta/Rust, Coffee"
for_style_sake,for_style_sake_12.jpg,"Coffee, Lavender"
for_style_sake,for_style_sake_13.jpg,"Coffee, Light Gray"
for_style_sake,for_style_sake_14.jpg,Coffee
for_style_sake,for_style_sake_15.jpg,"Coffee, Peach"
for_style_sake,for_style_sake_16.jpg,"Crimson, Light Gray"
for_style_sake,for_style_sake_17.jpg,"Crimson, Coffee, Light Gray"
for_style_sake,for_style_sake_18.jpg,Crimson
for_style_sake,for_style_sake_19.jpg,"Coffee, Peach"
for_style_sake,for_style_sake_2.jpg,"Terracotta/Rust, Coffee, Charcoal"
for_style_sake,for_style_sake_20.jpg,"Teal, Coffee, Turquoise"
for_style_sake,for_style_sake_21.jpg,"Teal, Coffee, Emerald Green"
for_style_sake,for_style_sake_22.jpg,"Sky Blue, Crimson"
for_style_sake,for_style_sake_23.jpg,"Coffee, Charcoal"
for_style_sake,for_style_sake_24.jpg,Plum
for_style_sake,for_style_sake_25.jpg,"Coffee, Light Gray"
for_style_sake,for_style_sake_28.jpg,Lavender
for_style_sake,for_style_sake_29.jpg,"Coffee, Teal, Turquoise"
for_style_sake,for_style_sake_3.jpg,"Terracotta/Rust, Coffee, Charcoal"
for_style_sake,for_style_sake_30.jpg,Royal Blue
for_style_sake,for_style_sake_31.jpg,"Terracotta/Rust, Coffee"
for_style_sake,for_style_sake_4.jpg,Charcoal
for_style_sake,for_style_sake_5.jpg,"Coffee, Charcoal"
for_style_sake,for_style_sake_6.jpg,"Terracotta/Rust, Sky Blue, Crimson"
for_style_sake,for_style_sake_7.jpg,"Plum, Coffee"
for_style_sake,for_style_sake_8.jpg,"Terracotta/Rust, Coffee"
for_style_sake,for_style_sake_9.jpg,"Charcoal, Sky Blue, Teal, Coffee"
fruche,fruche_1.jpg,"Coffee, Light Gray"
fruche,fruche_10.jpg,"Crimson, Light Gray"
fruche,fruche_11.jpg,"Coffee, Burgundy/Maroon, Crimson, Light Gray"
fruche,fruche_12.jpg,Crimson
fruche,fruche_13.jpg,Dusty Pink
fruche,fruche_14.jpg,"Charcoal, Light Gray"
fruche,fruche_15.jpg,"Terracotta/Rust, Crimson, Light Gray"
fruche,fruche_16.jpg,"Terracotta/Rust, Plum, Light Gray"
fruche,fruche_17.jpg,"Coffee, Light Gray"
fruche,fruche_18.jpg,"Coral, Coffee, Light Gray"
fruche,fruche_19.jpg,"Dusty Pink, Crimson"
fruche,fruche_2.jpg,Dusty Pink
fruche,fruche_20.jpg,"Dusty Pink, Crimson"
fruche,fruche_21.jpg,Lavender
fruche,fruche_22.jpg,"Charcoal, Light Gray"
fruche,fruche_23.jpg,"Coffee, Lavender, Light Gray"
fruche,fruche_24.jpg,"Coffee, Pure White, Lavender"
fruche,fruche_25.jpg,Black
fruche,fruche_26.jpg,"Coffee, Lavender, Charcoal"
fruche,fruche_27.jpg,"Crimson, Coffee"
fruche,fruche_28.jpg,Dusty Pink
fruche,fruche_29.jpg,Light Gray
fruche,fruche_3.jpg,"Coffee, Lavender, Charcoal"
fruche,fruche_30.jpg,"Charcoal, Light Gray"
fruche,fruche_31.jpg,"Coffee, Lavender"
fruche,fruche_32.jpg,"Burgundy/Maroon, Crimson, Lavender"
fruche,fruche_33.jpg,"Terracotta/Rust, Burgundy/Maroon, Crimson, Light Pink"
fruche,fruche_34.jpg,"Terracotta/Rust, Burgundy/Maroon, Crimson"
fruche,fruche_4.jpg,"Coffee, Charcoal"
fruche,fruche_5.jpg,"Burgundy/Maroon, Coffee"
fruche,fruche_6.jpg,"Plum, Charcoal"
fruche,fruche_7.jpg,Lavender
fruche,fruche_8.jpg,Burgundy/Maroon
fruche,fruche_9.jpg,"Burgundy/Maroon, Crimson, Coffee"
hawa_paris,hawa_paris_1.jpg,"Lavender, Charcoal"
hawa_paris,hawa_paris_10.jpg,Coffee
hawa_paris,hawa_paris_11.jpg,"Coffee, Light Gray"
hawa_paris,hawa_paris_12.jpg,"Navy Blue, Coffee"
hawa_paris,hawa_paris_13.jpg,"Charcoal, Navy Blue, Light Gray"
hawa_paris,hawa_paris_14.jpg,"Plum, Charcoal, Light Gray"
hawa_paris,hawa_paris_15.jpg,"Dusty Pink, Charcoal"
hawa_paris,hawa_paris_16.jpg,"Lavender, Charcoal"
hawa_paris,hawa_paris_17.jpg,"Coffee, Lavender, Charcoal"
hawa_paris,hawa_paris_18.jpg,"Plum, Coffee, Lavender"
hawa_paris,hawa_paris_19.jpg,"Dusty Pink, Coffee, Light Gray"
hawa_paris,hawa_paris_2.jpg,"Dusty Pink, Pure White, Charcoal"
hawa_paris,hawa_paris_20.jpg,Lavender
hawa_paris,hawa_paris_21.jpg,"Dusty Pink, Coffee, Lavender"
hawa_paris,hawa_paris_22.jpg,"Coffee, Light Gray"
hawa_paris,hawa_paris_23.jpg,"Terracotta/Rust, Light Gray"
hawa_paris,hawa_paris_3.jpg,"Dusty Pink, Coffee"
hawa_paris,hawa_paris_4.jpg,Dusty Pink
hawa_paris,hawa_paris_5.jpg,"Terracotta/Rust, Coffee, Light Purple, Light Gray"
hawa_paris,hawa_paris_6.jpg,"Plum, Dusty Pink, Light Purple"
hawa_paris,hawa_paris_7.jpg,"Dusty Pink, Light Purple, Coffee"
hawa_paris,hawa_paris_8.jpg,"Dusty Pink, Charcoal"
hawa_paris,hawa_paris_9.jpg,"Coffee, Lavender"
hertunba,hertunba_1.jpg,"Dusty Pink, Coffee, Possible_Purple"
hertunba,hertunba_10.jpg,Lavender
hertunba,hertunba_11.jpg,"Coffee, Lavender"
hertunba,hertunba_12.jpg,"Coffee, Off-White/Cream, Light Gray"
hertunba,hertunba_13.jpg,"Coffee, Off-White/Cream, Light Gray"
hertunba,hertunba_14.jpg,"Coffee, Pure White, Light Gray"
hertunba,hertunba_15.jpg,"Plum, Light Gray"
hertunba,hertunba_16.jpg,"Coffee, Lavender"
hertunba,hertunba_17.jpg,"Coffee, Off-White/Cream"
hertunba,hertunba_18.jpg,"Navy Blue, Royal Blue, Light Gray"
hertunba,hertunba_19.jpg,"Navy Blue, Royal Blue"
hertunba,hertunba_2.jpg,"Dusty Pink, Coffee"
hertunba,hertunba_20.jpg,"Terracotta/Rust, Dusty Pink, Possible_Purple"
hertunba,hertunba_21.jpg,"Purple, Coffee"
hertunba,hertunba_22.jpg,Light Gray
hertunba,hertunba_23.jpg,"Coffee, Light Gray"
hertunba,hertunba_24.jpg,Possible_Purple
hertunba,hertunba_25.jpg,"Light Pink, Possible_Charcoal, Terracotta/Rust, Coffee"
hertunba,hertunba_26.jpg,"Light Pink, Charcoal, Terracotta/Rust, Coffee"
hertunba,hertunba_27.jpg,"Pure White, Light Gray, Terracotta/Rust, Coffee"
hertunba,hertunba_28.jpg,"Terracotta/Rust, Coffee, Lavender"
hertunba,hertunba_29.jpg,"Possible_Plum, Coffee, Lavender"
hertunba,hertunba_3.jpg,"Dusty Pink, Coffee, Charcoal"
hertunba,hertunba_30.jpg,"Coffee, Possible_Charcoal, Light Gray"
hertunba,hertunba_31.jpg,"Coffee, Light Gray"
hertunba,hertunba_32.jpg,"Coffee, Lavender"
hertunba,hertunba_33.jpg,"Teal, Light Gray"
hertunba,hertunba_34.jpg,Dusty Pink
hertunba,hertunba_4.jpg,"Terracotta/Rust, Coffee, Light Gray"
hertunba,hertunba_42.jpg,"Navy Blue, Royal Blue, Light Gray"
hertunba,hertunba_43.jpg,"Coffee, Purple, Light Gray"
hertunba,hertunba_44.jpg,"Crimson, Light Blue"
hertunba,hertunba_45.jpg,Light Gray
hertunba,hertunba_46.jpg,"Light Purple, Light Blue, Lavender"
hertunba,hertunba_5.jpg,"Coffee, Lavender"
hertunba,hertunba_6.jpg,Lavender
hertunba,hertunba_7.jpg,"Coffee, Light Gray"
hertunba,hertunba_8.jpg,"Coffee, Light Gray"
hertunba,hertunba_9.jpg,Light Gray
ibilola_ogundipe,ibilola_ogundipe_10.jpg,"Terracotta/Rust, Coffee, Light Blue"
ibilola_ogundipe,ibilola_ogundipe_11.jpg,"Sky Blue, Coffee, Charcoal"
ibilola_ogundipe,ibilola_ogundipe_12.jpg,"Charcoal, Sky Blue, Light Purple, Coffee"
ibilola_ogundipe,ibilola_ogundipe_13.jpg,"Coffee, Off-White/Cream"
ibilola_ogundipe,ibilola_ogundipe_14.jpg,"Sky Blue, Coffee, Royal Blue"
ibilola_ogundipe,ibilola_ogundipe_15.jpg,"Coffee, Peach"
ibilola_ogundipe,ibilola_ogundipe_16.jpg,"Coffee, Lavender"
ibilola_ogundipe,ibilola_ogundipe_17.jpg,"Possible_Plum, Dusty Pink, Royal Blue, Terracotta/Rust, Coffee"
ibilola_ogundipe,ibilola_ogundipe_18.jpg,"Burgundy/Maroon, Crimson, Coffee"
ibilola_ogundipe,ibilola_ogundipe_19.jpg,"Terracotta/Rust, Crimson, Coffee, Peach"
ibilola_ogundipe,ibilola_ogundipe_2.jpg,"Dusty Pink, Light Purple, Coffee"
ibilola_ogundipe,ibilola_ogundipe_20.jpg,"Charcoal, Sky Blue, Royal Blue"
ibilola_ogundipe,ibilola_ogundipe_21.jpg,"Coffee, Light Purple, Light Blue, Charcoal"
ibilola_ogundipe,ibilola_ogundipe_22.jpg,"Terracotta/Rust, Coffee, Light Gray"
ibilola_ogundipe,ibilola_ogundipe_23.jpg,"Terracotta/Rust, Crimson, Light Pink, Coffee"
ibilola_ogundipe,ibilola_ogundipe_25.jpg,"Terracotta/Rust, Light Pink, Coral"
ibilola_ogundipe,ibilola_ogundipe_3.jpg,"Terracotta/Rust, Teal, Coffee, Light Blue"
ibilola_ogundipe,ibilola_ogundipe_4.jpg,"Teal, Dusty Pink, Charcoal"
ibilola_ogundipe,ibilola_ogundipe_5.jpg,"Terracotta/Rust, Charcoal, Light Gray"
ibilola_ogundipe,ibilola_ogundipe_6.jpg,"Terracotta/Rust, Teal, Coffee, Light Blue"
ibilola_ogundipe,ibilola_ogundipe_7.jpg,"Sky Blue, Teal"
ibilola_ogundipe,ibilola_ogundipe_8.jpg,"Terracotta/Rust, Light Blue"
ibilola_ogundipe,ibilola_ogundipe_9.jpg,"Terracotta/Rust, Sky Blue, Light Blue"
imad_eduso,imad_eduso_10.jpg,"Terracotta/Rust, Coffee, Lavender"
imad_eduso,imad_eduso_11.jpg,"Terracotta/Rust, Coffee, Lavender, Light Gray"
imad_eduso,imad_eduso_12.jpg,"Dusty Pink, Coffee, Lavender"
imad_eduso,imad_eduso_13.jpg,"Dusty Pink, Lavender, Coffee"
imad_eduso,imad_eduso_14.jpg,"Coffee, Lavender"
imad_eduso,imad_eduso_15.jpg,"Terracotta/Rust, Dusty Pink, Coffee, Lavender"
imad_eduso,imad_eduso_16.jpg,"Coffee, Lavender"
imad_eduso,imad_eduso_17.jpg,"Terracotta/Rust, Coffee, Light Gray"
imad_eduso,imad_eduso_18.jpg,"Terracotta/Rust, Coffee, Light Gray"
imad_eduso,imad_eduso_19.jpg,"Charcoal, Coffee, Light Gray"
imad_eduso,imad_eduso_2.jpg,"Terracotta/Rust, Burgundy/Maroon, Coffee, Light Gray"
imad_eduso,imad_eduso_20.jpg,"Charcoal, Light Gray, Terracotta/Rust, Coffee"
imad_eduso,imad_eduso_21.jpg,Charcoal
imad_eduso,imad_eduso_22.jpg,Coffee
imad_eduso,imad_eduso_23.jpg,Coffee
imad_eduso,imad_eduso_24.jpg,"Dusty Pink, Coffee, Pure White"
imad_eduso,imad_eduso_25.jpg,"Terracotta/Rust, Light Pink, Coffee, Lavender"
imad_eduso,imad_eduso_26.jpg,"Terracotta/Rust, Light Pink, Coffee, Lavender"
imad_eduso,imad_eduso_27.jpg,"Dusty Pink, Coffee, Lavender"
imad_eduso,imad_eduso_28.jpg,"Light Pink, Coffee, Light Gray"
imad_eduso,imad_eduso_29.jpg,"Coffee, Light Gray"
imad_eduso,imad_eduso_30.jpg,"Dusty Pink, Coffee, Light Gray"
imad_eduso,imad_eduso_31.jpg,"Coffee, Light Gray"
imad_eduso,imad_eduso_32.jpg,"Dusty Pink, Coffee, Light Gray"
imad_eduso,imad_eduso_4.jpg,"Burgundy/Maroon, Crimson, Coffee"
imad_eduso,imad_eduso_5.jpg,"Crimson, Coffee, Light Gray"
imad_eduso,imad_eduso_6.jpg,"Terracotta/Rust, Coffee, Light Gray"
imad_eduso,imad_eduso_7.jpg,"Coffee, Dusty Pink"
imad_eduso,imad_eduso_8.jpg,Coffee
imad_eduso,imad_eduso_9.jpg,Coffee
jzo,jzo_1.jpg,"Coffee, Lavender"
jzo,jzo_10.jpg,"Coffee, Lavender, Light Gray"
jzo,jzo_11.jpg,"Lavender, Light Gray"
jzo,jzo_2.jpg,Coffee
jzo,jzo_3.jpg,"Coffee, Light Gray"
jzo,jzo_4.jpg,"Dusty Pink, Pure White"
jzo,jzo_5.jpg,"Coffee, Light Gray"
jzo,jzo_6.jpg,"Coffee, Light Gray"
jzo,jzo_7.jpg,Pure White
jzo,jzo_8.jpg,"Pure White, Light Gray"
jzo,jzo_9.jpg,Lavender
lb_lumina,lb_lumina_1.jpg,"Dusty Pink, Coffee"
lb_lumina,lb_lumina_10.jpg,"Sky Blue, Coffee, Royal Blue, Possible_Purple"
lb_lumina,lb_lumina_11.jpg,"Terracotta/Rust, Sky Blue, Lavender, Royal Blue"
lb_lumina,lb_lumina_12.jpg,"Coffee, Light Gray"
lb_lumina,lb_lumina_13.jpg,"Burgundy/Maroon, Coffee, Light Gray"
lb_lumina,lb_lumina_14.jpg,"Burgundy/Maroon, Dusty Pink, Coffee"
lb_lumina,lb_lumina_15.jpg,"Crimson, Dusty Pink"
lb_lumina,lb_lumina_16.jpg,"Dusty Pink, Crimson"
lb_lumina,lb_lumina_17.jpg,"Terracotta/Rust, Light Pink, Lavender"
lb_lumina,lb_lumina_18.jpg,"Light Pink, Coffee"
lb_lumina,lb_lumina_2.jpg,"Coffee, Light Gray"
lb_lumina,lb_lumina_20.jpg,"Coffee, Light Gray"
lb_lumina,lb_lumina_3.jpg,Coffee
lb_lumina,lb_lumina_4.jpg,"Terracotta/Rust, Coffee"
lb_lumina,lb_lumina_5.jpg,"Light Pink, Burgundy/Maroon, Chocolate Brown"
lb_lumina,lb_lumina_6.jpg,"Chocolate Brown, Coffee, Orange"
lb_lumina,lb_lumina_7.jpg,"Chocolate Brown, Coffee, Dusty Pink"
lb_lumina,lb_lumina_8.jpg,"Chocolate Brown, Coffee, Dusty Pink"
lb_lumina,lb_lumina_9.jpg,"Chocolate Brown, Coffee, Charcoal"
left_of_yaba_x_jilk,last_three_16.jpg,"Terracotta/Rust, Dusty Pink"
left_of_yaba_x_jilk,last_three_17.jpg,"Terracotta/Rust, Dusty Pink"
left_of_yaba_x_jilk,last_three_18.jpg,"Sky Blue, Charcoal"
left_of_yaba_x_jilk,last_three_19.jpg,"Sky Blue, Charcoal"
left_of_yaba_x_jilk,last_three_20.jpg,"Light Blue, Charcoal"
left_of_yaba_x_jilk,last_three_21.jpg,"Light Blue, Charcoal"
left_of_yaba_x_jilk,last_three_22.jpg,"Dusty Pink, Charcoal"
left_of_yaba_x_jilk,last_three_23.jpg,"Dusty Pink, Charcoal"
left_of_yaba_x_jilk,last_three_24.jpg,"Dusty Pink, Charcoal"
left_of_yaba_x_jilk,last_three_25.jpg,"Dusty Pink, Charcoal"
left_of_yaba_x_jilk,last_three_26.jpg,Charcoal
left_of_yaba_x_jilk,last_three_27.jpg,Charcoal
left_of_yaba_x_jilk,last_three_28.jpg,"Charcoal, Light Gray"
left_of_yaba_x_jilk,last_three_29.jpg,"Charcoal, Light Gray"
left_of_yaba_x_jilk,last_three_30.jpg,"Sky Blue, Charcoal"
left_of_yaba_x_jilk,last_three_31.jpg,"Sky Blue, Charcoal"
left_of_yaba_x_jilk,last_three_32.jpg,"Dusty Pink, Charcoal"
left_of_yaba_x_jilk,last_three_33.jpg,"Dusty Pink, Charcoal"
left_of_yaba_x_jilk,last_three_34.jpg,"Dusty Pink, Coffee"
left_of_yaba_x_jilk,last_three_35.jpg,"Dusty Pink, Coffee"
lfj,lfj_1.jpg,"Sky Blue, Light Blue"
lfj,lfj_10.jpg,"Terracotta/Rust, Crimson"
lfj,lfj_11.jpg,"Coffee, Crimson, Light Gray"
lfj,lfj_12.jpg,"Coffee, Lavender"
lfj,lfj_13.jpg,"Coffee, Lavender, Light Gray"
lfj,lfj_14.jpg,"Coffee, Light Gray"
lfj,lfj_15.jpg,"Dusty Pink, Coffee, Light Gray"
lfj,lfj_16.jpg,"Coffee, Light Gray"
lfj,lfj_17.jpg,"Coffee, Lavender, Light Gray"
lfj,lfj_18.jpg,"Light Purple, Coffee, Light Gray"
lfj,lfj_19.jpg,"Coffee, Light Gray"
lfj,lfj_2.jpg,"Terracotta/Rust, Light Pink, Coffee, Light Gray"
lfj,lfj_20.jpg,Light Gray
lfj,lfj_21.jpg,Light Gray
lfj,lfj_22.jpg,Light Gray
lfj,lfj_23.jpg,"Charcoal, Light Gray"
lfj,lfj_24.jpg,Light Gray
lfj,lfj_25.jpg,Light Gray
lfj,lfj_26.jpg,Light Gray
lfj,lfj_27.jpg,"Coffee, Light Gray"
lfj,lfj_28.jpg,"Terracotta/Rust, Coffee, Light Gray"
lfj,lfj_29.jpg,"Coffee, Light Blue"
lfj,lfj_30.jpg,"Terracotta/Rust, Coffee, Light Gray"
lfj,lfj_31.jpg,"Terracotta/Rust, Coral, Light Gray"
lfj,lfj_32.jpg,"Burgundy/Maroon, Crimson"
lfj,lfj_33.jpg,Light Gray
lfj,lfj_34.jpg,"Sky Blue, Olive Green, Charcoal"
lfj,lfj_35.jpg,"Burgundy/Maroon, Crimson, Sky Blue"
lfj,lfj_4.jpg,"Coffee, Crimson, Light Gray"
lfj,lfj_5.jpg,"Coffee, Mustard Yellow, Light Gray"
lfj,lfj_6.jpg,"Sky Blue, Mustard Yellow, Lavender"
lfj,lfj_7.jpg,"Burgundy/Maroon, Coffee, Off-White/Cream"
lfj,lfj_8.jpg,"Light Pink, Crimson, Burgundy/Maroon, Coffee"
lfj,lfj_9.jpg,"Coffee, Light Blue"
lila_bare,lila_bare_1.jpg,"Terracotta/Rust, Coffee, Lavender"
lila_bare,lila_bare_10.jpg,"Terracotta/Rust, Coffee, Light Gray"
lila_bare,lila_bare_11.jpg,"Coffee, Light Gray"
lila_bare,lila_bare_12.jpg,"Coffee, Light Gray"
lila_bare,lila_bare_13.jpg,Light Gray
lila_bare,lila_bare_14.jpg,"Terracotta/Rust, Coffee, Light Gray"
lila_bare,lila_bare_15.jpg,"Coffee, Light Gray"
lila_bare,lila_bare_16.jpg,"Coffee, Peach"
lila_bare,lila_bare_17.jpg,Light Gray
lila_bare,lila_bare_18.jpg,"Terracotta/Rust, Coffee, Light Gray"
lila_bare,lila_bare_19.jpg,"Terracotta/Rust, Coffee, Light Gray"
lila_bare,lila_bare_2.jpg,"Coffee, Peach"
lila_bare,lila_bare_20.jpg,"Coffee, Light Gray"
lila_bare,lila_bare_21.jpg,"Terracotta/Rust, Coffee, Peach"
lila_bare,lila_bare_22.jpg,"Terracotta/Rust, Dusty Pink, Coffee, Lavender"
lila_bare,lila_bare_23.jpg,"Terracotta/Rust, Coffee, Peach"
lila_bare,lila_bare_24.jpg,Coffee
lila_bare,lila_bare_25.jpg,"Terracotta/Rust, Coffee"
lila_bare,lila_bare_26.jpg,"Coffee, Light Gray"
lila_bare,lila_bare_27.jpg,"Terracotta/Rust, Coffee, Peach"
lila_bare,lila_bare_28.jpg,Lavender
lila_bare,lila_bare_29.jpg,"Coffee, Lavender, Light Gray"
lila_bare,lila_bare_3.jpg,"Coffee, Lavender, Light Gray"
lila_bare,lila_bare_30.jpg,"Terracotta/Rust, Coffee"
lila_bare,lila_bare_31.jpg,"Coffee, Light Gray"
lila_bare,lila_bare_32.jpg,"Dusty Pink, Coffee, Light Gray"
lila_bare,lila_bare_33.jpg,Terracotta/Rust
lila_bare,lila_bare_34.jpg,"Dusty Pink, Coffee, Pure White"
lila_bare,lila_bare_35.jpg,"Coffee, Lavender, Light Gray"
lila_bare,lila_bare_36.jpg,"Coffee, Lavender, Light Gray"
lila_bare,lila_bare_37.jpg,"Coffee, Lavender"
lila_bare,lila_bare_38.jpg,"Terracotta/Rust, Coffee, Lavender"
lila_bare,lila_bare_4.jpg,"Coffee, Lavender, Light Gray"
lila_bare,lila_bare_5.jpg,"Terracotta/Rust, Coffee"
lila_bare,lila_bare_6.jpg,"Terracotta/Rust, Coffee"
lila_bare,lila_bare_7.jpg,"Coffee, Light Gray"
lila_bare,lila_bare_8.jpg,"Terracotta/Rust, Coffee, Peach"
lila_bare,lila_bare_9.jpg,"Terracotta/Rust, Coffee, Peach"
maison_alulla,maison_alulla_1.jpg,Coffee
maison_alulla,maison_alulla_10.jpg,Light Gray
maison_alulla,maison_alulla_11.jpg,"Coffee, Peach"
maison_alulla,maison_alulla_12.jpg,"Coffee, Royal Blue"
maison_alulla,maison_alulla_13.jpg,"Coffee, Light Gray"
maison_alulla,maison_alulla_14.jpg,Charcoal
maison_alulla,maison_alulla_15.jpg,"Charcoal, Light Gray"
maison_alulla,maison_alulla_16.jpg,Coffee
maison_alulla,maison_alulla_17.jpg,Charcoal
maison_alulla,maison_alulla_18.jpg,Charcoal
maison_alulla,maison_alulla_19.jpg,"Plum, Dusty Pink"
maison_alulla,maison_alulla_2.jpg,Black
maison_alulla,maison_alulla_20.jpg,Plum
maison_alulla,maison_alulla_21.jpg,"Plum, Coffee"
maison_alulla,maison_alulla_22.jpg,Light Gray
maison_alulla,maison_alulla_23.jpg,"Light Pink, Coffee, Light Gray"
maison_alulla,maison_alulla_24.jpg,Crimson
maison_alulla,maison_alulla_3.jpg,Coffee
maison_alulla,maison_alulla_4.jpg,Coffee
maison_alulla,maison_alulla_5.jpg,"Coffee, Light Gray"
maison_alulla,maison_alulla_6.jpg,"Coffee, Light Gray"
maison_alulla,maison_alulla_7.jpg,"Coffee, Light Gray"
maison_alulla,maison_alulla_8.jpg,Light Gray
maison_alulla,maison_alulla_9.jpg,"Terracotta/Rust, Dusty Pink, Crimson"
maxjenny,maxjenny_1.jpg,"Crimson, Burgundy/Maroon, Hot Pink, Coffee"
maxjenny,maxjenny_10.jpg,"Crimson, Light Gray"
maxjenny,maxjenny_11.jpg,"Coffee, Crimson, Light Gray"
maxjenny,maxjenny_12.jpg,"Terracotta/Rust, Coffee, Light Gray"
maxjenny,maxjenny_13.jpg,"Dusty Pink, Hot Pink, Coffee"
maxjenny,maxjenny_14.jpg,"Dusty Pink, Hot Pink, Coffee"
maxjenny,maxjenny_15.jpg,"Terracotta/Rust, Crimson, Coffee, Light Gray"
maxjenny,maxjenny_16.jpg,"Crimson, Light Gray"
maxjenny,maxjenny_17.jpg,Light Gray
maxjenny,maxjenny_18.jpg,Lavender
maxjenny,maxjenny_19.jpg,"Coffee, Lavender"
maxjenny,maxjenny_2.jpg,"Coffee, Crimson, Hot Pink, Light Gray"
maxjenny,maxjenny_20.jpg,Lavender
maxjenny,maxjenny_21.jpg,"Coffee, Lavender"
maxjenny,maxjenny_3.jpg,Lavender
maxjenny,maxjenny_4.jpg,"Dusty Pink, Charcoal"
maxjenny,maxjenny_5.jpg,Charcoal
maxjenny,maxjenny_6.jpg,Coffee
maxjenny,maxjenny_7.jpg,"Coffee, Peach"
maxjenny,maxjenny_8.jpg,Peach
maxjenny,maxjenny_9.jpg,"Coffee, Off-White/Cream"
mot_the_label,mot_the_label_1.jpg,"Crimson, Burgundy/Maroon, Coffee"
mot_the_label,mot_the_label_10.jpg,"Burgundy/Maroon, Crimson"
mot_the_label,mot_the_label_11.jpg,Coffee
mot_the_label,mot_the_label_12.jpg,Coffee
mot_the_label,mot_the_label_13.jpg,"Burgundy/Maroon, Crimson"
mot_the_label,mot_the_label_14.jpg,Coffee
mot_the_label,mot_the_label_15.jpg,Coffee
mot_the_label,mot_the_label_16.jpg,Coffee
mot_the_label,mot_the_label_17.jpg,"Coffee, Peach"
mot_the_label,mot_the_label_18.jpg,Peach
mot_the_label,mot_the_label_19.jpg,"Coffee, Peach"
mot_the_label,mot_the_label_2.jpg,"Burgundy/Maroon, Crimson, Coffee"
mot_the_label,mot_the_label_3.jpg,"Crimson, Coffee"
mot_the_label,mot_the_label_4.jpg,"Crimson, Charcoal"
mot_the_label,mot_the_label_5.jpg,"Possible_Navy Blue, Coffee, Royal Blue"
mot_the_label,mot_the_label_6.jpg,Possible_Purple
mot_the_label,mot_the_label_7.jpg,Coffee
mot_the_label,mot_the_label_8.jpg,"Coffee, Possible_Purple"
mot_the_label,mot_the_label_9.jpg,Black
ndiiche_x_sinae,last_three_2.jpg,"Burgundy/Maroon, Crimson, Dusty Pink"
ndiiche_x_sinae,last_three_36.jpg,"Burgundy/Maroon, Crimson, Coffee"
ndiiche_x_sinae,last_three_37.jpg,"Burgundy/Maroon, Crimson, Coffee"
ndiiche_x_sinae,last_three_38.jpg,"Burgundy/Maroon, Dusty Pink, Crimson"
ndiiche_x_sinae,last_three_39.jpg,"Burgundy/Maroon, Dusty Pink, Crimson"
ndiiche_x_sinae,last_three_40.jpg,"Dusty Pink, Crimson"
ndiiche_x_sinae,last_three_41.jpg,"Dusty Pink, Crimson"
ndiiche_x_sinae,last_three_42.jpg,"Crimson, Coffee, Light Blue, Royal Blue"
ndiiche_x_sinae,last_three_43.jpg,"Crimson, Coffee, Light Blue, Royal Blue"
ndiiche_x_sinae,last_three_44.jpg,"Burgundy/Maroon, Charcoal"
ndiiche_x_sinae,last_three_45.jpg,"Burgundy/Maroon, Charcoal"
ndiiche_x_sinae,last_three_46.jpg,"Crimson, Royal Blue"
ndiiche_x_sinae,last_three_47.jpg,"Crimson, Royal Blue"
ndiiche_x_sinae,last_three_48.jpg,Coffee
ndiiche_x_sinae,last_three_49.jpg,Coffee
ndiiche_x_sinae,last_three_50.jpg,Crimson
ndiiche_x_sinae,last_three_51.jpg,Crimson
ndiiche_x_sinae,last_three_52.jpg,"Dusty Pink, Charcoal"
ndiiche_x_sinae,last_three_53.jpg,"Dusty Pink, Charcoal"
ndiiche_x_sinae,last_three_54.jpg,"Dusty Pink, Charcoal"
ndiiche_x_sinae,last_three_55.jpg,"Dusty Pink, Charcoal"
ndiiche_x_sinae,last_three_56.jpg,Charcoal
ndiiche_x_sinae,last_three_57.jpg,Charcoal
ndiiche_x_sinae,last_three_58.jpg,"Dusty Pink, Crimson"
ndiiche_x_sinae,last_three_59.jpg,"Dusty Pink, Crimson"
nkwo,nkwo_1.jpg,"Dusty Pink, Coffee, Lavender"
nkwo,nkwo_10.jpg,"Coffee, Light Gray"
nkwo,nkwo_11.jpg,Lavender
nkwo,nkwo_12.jpg,Off-White/Cream
nkwo,nkwo_13.jpg,"Terracotta/Rust, Chocolate Brown, Coffee, Light Gray"
nkwo,nkwo_15.jpg,Charcoal
nkwo,nkwo_16.jpg,"Terracotta/Rust, Coffee"
nkwo,nkwo_17.jpg,"Dusty Pink, Lavender"
nkwo,nkwo_18.jpg,"Charcoal, Light Gray"
nkwo,nkwo_19.jpg,"Lavender, Charcoal"
nkwo,nkwo_2.jpg,"Lavender, Charcoal"
nkwo,nkwo_20.jpg,"Orange, Light Gray"
nkwo,nkwo_21.jpg,"Coffee, Dusty Pink, Lavender"
nkwo,nkwo_3.jpg,"Coffee, Lavender, Light Gray"
nkwo,nkwo_4.jpg,"Plum, Lavender, Charcoal, Light Purple"
nkwo,nkwo_5.jpg,"Lavender, Charcoal, Terracotta/Rust, Coffee"
nkwo,nkwo_6.jpg,"Charcoal, Light Gray, Terracotta/Rust, Coffee"
nkwo,nkwo_7.jpg,"Coffee, Light Gray"
nkwo,nkwo_8.jpg,"Coffee, Light Gray"
nkwo,nkwo_9.jpg,"Dusty Pink, Coffee"
nya,nya_1.jpg,"Dusty Pink, Coffee, Lavender"
nya,nya_10.jpg,"Terracotta/Rust, Coffee, Lavender, Light Gray"
nya,nya_11.jpg,"Terracotta/Rust, Pure White, Light Gray"
nya,nya_12.jpg,"Terracotta/Rust, Dusty Pink, Coffee, Lavender"
nya,nya_13.jpg,"Terracotta/Rust, Light Pink, Coffee, Mustard Yellow"
nya,nya_14.jpg,"Terracotta/Rust, Mustard Yellow, Light Gray"
nya,nya_15.jpg,"Teal, Coffee, Light Gray"
nya,nya_16.jpg,Teal
nya,nya_17.jpg,"Coffee, Lavender"
nya,nya_18.jpg,Coffee
nya,nya_19.jpg,"Coffee, Lavender, Charcoal"
nya,nya_2.jpg,"Terracotta/Rust, Coffee, Pure White, Light Gray"
nya,nya_20.jpg,Light Gray
nya,nya_21.jpg,"Sky Blue, Coffee, Lavender"
nya,nya_22.jpg,"Lavender, Coffee, Terracotta/Rust, Light Purple"
nya,nya_23.jpg,"Sky Blue, Light Purple, Light Gray, Terracotta/Rust, Coffee"
nya,nya_24.jpg,"Terracotta/Rust, Coffee, Light Purple, Light Blue"
nya,nya_25.jpg,Light Blue
nya,nya_26.jpg,Light Blue
nya,nya_27.jpg,"Coffee, Light Gray"
nya,nya_28.jpg,"Coffee, Light Gray"
nya,nya_29.jpg,"Lavender, Royal Blue"
nya,nya_3.jpg,"Coffee, Lavender"
nya,nya_30.jpg,"Dusty Pink, Coffee, Royal Blue"
nya,nya_31.jpg,"Dusty Pink, Coffee"
nya,nya_32.jpg,"Coffee, Lavender, Royal Blue"
nya,nya_33.jpg,"Coffee, Pure White"
nya,nya_34.jpg,"Coffee, Lavender"
nya,nya_4.jpg,"Dusty Pink, Coffee, Pure White"
nya,nya_5.jpg,"Dusty Pink, Coffee, Lavender"
nya,nya_6.jpg,"Coffee, Lavender, Light Gray"
nya,nya_7.jpg,"Coffee, Pure White"
nya,nya_8.jpg,"Coffee, Lavender"
nya,nya_9.jpg,"Coffee, Lavender"
olooh,olooh_10.jpg,Burgundy/Maroon
olooh,olooh_11.jpg,Coffee
olooh,olooh_12.jpg,Black
olooh,olooh_13.jpg,"Coffee, Light Gray"
olooh,olooh_14.jpg,Lavender
olooh,olooh_15.jpg,Coffee
olooh,olooh_16.jpg,Coffee
olooh,olooh_2.jpg,"Coffee, Lavender"
olooh,olooh_3.jpg,"Coffee, Charcoal"
olooh,olooh_4.jpg,"Terracotta/Rust, Coffee, Lavender"
olooh,olooh_5.jpg,"Coffee, Light Gray"
olooh,olooh_6.jpg,"Dusty Pink, Charcoal"
olooh,olooh_7.jpg,"Coral, Charcoal"
olooh,olooh_8.jpg,"Coffee, Lavender"
olooh,olooh_9.jpg,"Coffee, Light Gray"
oshobor,oshobor_1.jpg,"Coffee, Light Gray"
oshobor,oshobor_10.jpg,Coffee
oshobor,oshobor_11.jpg,"Terracotta/Rust, Coffee, Dusty Pink"
oshobor,oshobor_12.jpg,Coffee
oshobor,oshobor_13.jpg,Terracotta/Rust
oshobor,oshobor_14.jpg,"Terracotta/Rust, Coffee"
oshobor,oshobor_15.jpg,Coffee
oshobor,oshobor_16.jpg,Coffee
oshobor,oshobor_17.jpg,Black
oshobor,oshobor_18.jpg,"Burgundy/Maroon, Crimson, Coffee"
oshobor,oshobor_19.jpg,"Burgundy/Maroon, Crimson"
oshobor,oshobor_2.jpg,"Dusty Pink, Navy Blue, Royal Blue, Coffee"
oshobor,oshobor_20.jpg,"Burgundy/Maroon, Crimson"
oshobor,oshobor_21.jpg,"Burgundy/Maroon, Coffee"
oshobor,oshobor_22.jpg,"Coffee, Royal Blue"
oshobor,oshobor_23.jpg,"Terracotta/Rust, Coffee"
oshobor,oshobor_24.jpg,Coffee
oshobor,oshobor_25.jpg,Black
oshobor,oshobor_3.jpg,Light Gray
oshobor,oshobor_4.jpg,Coffee
oshobor,oshobor_5.jpg,Light Gray
oshobor,oshobor_6.jpg,Coffee
oshobor,oshobor_7.jpg,"Terracotta/Rust, Coffee"
oshobor,oshobor_8.jpg,"Navy Blue, Coffee"
oshobor,oshobor_9.jpg,Coffee
pepperrow,pepperrow_10.jpg,Lavender
pepperrow,pepperrow_11.jpg,"Coffee, Light Gray"
pepperrow,pepperrow_12.jpg,"Coffee, Lavender, Charcoal"
pepperrow,pepperrow_13.jpg,"Light Purple, Charcoal"
pepperrow,pepperrow_14.jpg,"Terracotta/Rust, Coffee"
pepperrow,pepperrow_15.jpg,"Plum, Coffee, Charcoal"
pepperrow,pepperrow_16.jpg,"Dusty Pink, Coffee"
pepperrow,pepperrow_17.jpg,"Charcoal, Light Gray"
pepperrow,pepperrow_18.jpg,"Teal, Light Gray"
pepperrow,pepperrow_19.jpg,"Coffee, Lavender, Light Gray"
pepperrow,pepperrow_20.jpg,"Coffee, Possible_Purple"
pepperrow,pepperrow_21.jpg,"Coffee, Lavender"
pepperrow,pepperrow_22.jpg,"Coffee, Lavender"
pepperrow,pepperrow_23.jpg,Lavender
pepperrow,pepperrow_24.jpg,"Charcoal, Coffee, Light Gray"
pepperrow,pepperrow_25.jpg,"Coffee, Light Gray"
pepperrow,pepperrow_26.jpg,"Coffee, Lavender"
pepperrow,pepperrow_27.jpg,"Coffee, Lavender"
pepperrow,pepperrow_28.jpg,"Coffee, Lavender"
pepperrow,pepperrow_29.jpg,"Dusty Pink, Lavender"
pepperrow,pepperrow_30.jpg,Coffee
pepperrow,pepperrow_31.jpg,"Terracotta/Rust, Light Gray"
pepperrow,pepperrow_32.jpg,"Dusty Pink, Coffee, Lavender"
pepperrow,pepperrow_4.jpg,Black
pepperrow,pepperrow_5.jpg,Light Gray
pepperrow,pepperrow_6.jpg,Coffee
pepperrow,pepperrow_7.jpg,"Coffee, Light Gray"
pepperrow,pepperrow_8.jpg,Light Gray
pepperrow,pepperrow_9.jpg,Light Gray
pettre_taylor,pettre_taylor_1.jpg,"Coffee, Lavender, Light Gray"
pettre_taylor,pettre_taylor_10.jpg,"Coffee, Light Gray"
pettre_taylor,pettre_taylor_11.jpg,Coffee
pettre_taylor,pettre_taylor_12.jpg,Off-White/Cream
pettre_taylor,pettre_taylor_13.jpg,Off-White/Cream
pettre_taylor,pettre_taylor_14.jpg,"Coffee, Light Gray"
pettre_taylor,pettre_taylor_15.jpg,"Coffee, Light Gray"
pettre_taylor,pettre_taylor_16.jpg,"Coffee, Orange, Light Gray"
pettre_taylor,pettre_taylor_17.jpg,"Dusty Pink, Coffee, Lavender"
pettre_taylor,pettre_taylor_18.jpg,"Coffee, Light Gray"
pettre_taylor,pettre_taylor_19.jpg,Coffee
pettre_taylor,pettre_taylor_2.jpg,Light Gray
pettre_taylor,pettre_taylor_20.jpg,Coffee
pettre_taylor,pettre_taylor_21.jpg,"Coffee, Light Gray"
pettre_taylor,pettre_taylor_22.jpg,"Coffee, Light Gray"
pettre_taylor,pettre_taylor_23.jpg,"Crimson, Coffee, Light Gray"
pettre_taylor,pettre_taylor_24.jpg,"Terracotta/Rust, Burgundy/Maroon, Light Pink"
pettre_taylor,pettre_taylor_25.jpg,"Terracotta/Rust, Coffee, Light Gray"
pettre_taylor,pettre_taylor_26.jpg,"Chocolate Brown, Coffee"
pettre_taylor,pettre_taylor_27.jpg,"Coffee, Light Gray"
pettre_taylor,pettre_taylor_28.jpg,"Coffee, Light Gray"
pettre_taylor,pettre_taylor_29.jpg,"Coffee, Light Gray"
pettre_taylor,pettre_taylor_3.jpg,"Coffee, Light Gray"
pettre_taylor,pettre_taylor_30.jpg,"Coffee, Light Gray"
pettre_taylor,pettre_taylor_4.jpg,"Coffee, Lavender"
pettre_taylor,pettre_taylor_5.jpg,"Coffee, Light Gray"
pettre_taylor,pettre_taylor_6.jpg,"Coffee, Light Gray"
pettre_taylor,pettre_taylor_7.jpg,"Coffee, Light Gray"
pettre_taylor,pettre_taylor_8.jpg,Dusty Pink
pettre_taylor,pettre_taylor_9.jpg,Light Gray
rendoll,rendoll_1.jpg,"Teal, Charcoal"
rendoll,rendoll_10.jpg,"Coffee, Light Gray"
rendoll,rendoll_11.jpg,"Terracotta/Rust, Peach"
rendoll,rendoll_12.jpg,"Pure White, Light Gray"
rendoll,rendoll_13.jpg,"Terracotta/Rust, Coffee, Light Gray"
rendoll,rendoll_14.jpg,"Coffee, Lavender"
rendoll,rendoll_15.jpg,"Terracotta/Rust, Charcoal, Dusty Pink, Royal Blue"
rendoll,rendoll_16.jpg,"Dusty Pink, Charcoal"
rendoll,rendoll_17.jpg,"Crimson, Dusty Pink, Coffee"
rendoll,rendoll_18.jpg,"Terracotta/Rust, Light Pink, Light Gray"
rendoll,rendoll_19.jpg,"Dusty Pink, Royal Blue"
rendoll,rendoll_2.jpg,"Teal, Sky Blue"
rendoll,rendoll_3.jpg,"Teal, Coffee, Charcoal"
rendoll,rendoll_4.jpg,"Turquoise, Teal, Light Gray"
rendoll,rendoll_5.jpg,"Teal, Turquoise"
rendoll,rendoll_6.jpg,"Charcoal, Light Gray"
rendoll,rendoll_7.jpg,"Coffee, Light Gray"
rendoll,rendoll_8.jpg,"Terracotta/Rust, Light Blue"
rendoll,rendoll_9.jpg,"Terracotta/Rust, Lavender"
revival_london,revival_london_1.jpg,"Crimson, Coffee, Light Gray"
revival_london,revival_london_10.jpg,"Terracotta/Rust, Dusty Pink, Crimson"
revival_london,revival_london_11.jpg,"Coffee, Off-White/Cream"
revival_london,revival_london_12.jpg,"Light Pink, Crimson"
revival_london,revival_london_2.jpg,"Terracotta/Rust, Coffee, Lavender"
revival_london,revival_london_3.jpg,"Terracotta/Rust, Coffee, Lavender"
revival_london,revival_london_4.jpg,"Coffee, Lavender"
revival_london,revival_london_5.jpg,"Coffee, Lavender"
revival_london,revival_london_6.jpg,"Coffee, Lavender, Light Gray"
revival_london,revival_london_7.jpg,"Coffee, Lavender, Light Gray"
revival_london,revival_london_8.jpg,"Dusty Pink, Coffee, Lavender"
revival_london,revival_london_9.jpg,"Pure White, Charcoal"
sahrazad,sahrazad_1.jpg,"Coffee, Lavender, Light Gray"
sahrazad,sahrazad_10.jpg,"Plum, Light Purple"
sahrazad,sahrazad_11.jpg,"Plum, Light Purple"
sahrazad,sahrazad_12.jpg,"Plum, Light Purple"
sahrazad,sahrazad_13.jpg,Black
sahrazad,sahrazad_14.jpg,Charcoal
sahrazad,sahrazad_15.jpg,Coffee
sahrazad,sahrazad_16.jpg,Lavender
sahrazad,sahrazad_17.jpg,"Coffee, Lavender"
sahrazad,sahrazad_2.jpg,"Crimson, Coffee, Light Gray"
sahrazad,sahrazad_3.jpg,"Burgundy/Maroon, Dusty Pink"
sahrazad,sahrazad_4.jpg,"Coffee, Dusty Pink"
sahrazad,sahrazad_5.jpg,Lavender
sahrazad,sahrazad_6.jpg,"Coffee, Dusty Pink"
sahrazad,sahrazad_7.jpg,"Coffee, Light Gray"
sahrazad,sahrazad_8.jpg,"Light Pink, Coffee"
sahrazad,sahrazad_9.jpg,Coffee
sevon_dejana,sevon_dejana_10.jpg,"Coffee, Lavender, Light Gray"
sevon_dejana,sevon_dejana_11.jpg,Lavender
sevon_dejana,sevon_dejana_12.jpg,"Coffee, Light Gray"
sevon_dejana,sevon_dejana_13.jpg,"Terracotta/Rust, Coffee, Plum"
sevon_dejana,sevon_dejana_14.jpg,"Coffee, Light Gray"
sevon_dejana,sevon_dejana_15.jpg,Light Gray
sevon_dejana,sevon_dejana_16.jpg,Black
sevon_dejana,sevon_dejana_17.jpg,"Dusty Pink, Coffee, Lavender"
sevon_dejana,sevon_dejana_18.jpg,Coffee
sevon_dejana,sevon_dejana_19.jpg,"Coffee, Light Gray"
sevon_dejana,sevon_dejana_20.jpg,"Coffee, Light Gray"
sevon_dejana,sevon_dejana_21.jpg,Black
sevon_dejana,sevon_dejana_22.jpg,"Terracotta/Rust, Coffee"
sevon_dejana,sevon_dejana_23.jpg,"Coffee, Lavender"
sevon_dejana,sevon_dejana_24.jpg,Coffee
sevon_dejana,sevon_dejana_25.jpg,Coffee
sevon_dejana,sevon_dejana_26.jpg,Coffee
sevon_dejana,sevon_dejana_27.jpg,"Terracotta/Rust, Coffee"
sevon_dejana,sevon_dejana_28.jpg,Coffee
sevon_dejana,sevon_dejana_29.jpg,Coffee
sevon_dejana,sevon_dejana_30.jpg,"Dusty Pink, Coffee"
sevon_dejana,sevon_dejana_31.jpg,Black
sevon_dejana,sevon_dejana_32.jpg,Coffee
sevon_dejana,sevon_dejana_33.jpg,Black
sevon_dejana,sevon_dejana_34.jpg,Coffee
sevon_dejana,sevon_dejana_35.jpg,Coffee
sevon_dejana,sevon_dejana_4.jpg,"Coffee, Pure White, Light Gray"
sevon_dejana,sevon_dejana_6.jpg,"Lavender, Light Gray"
sevon_dejana,sevon_dejana_7.jpg,"Coffee, Lavender"
sevon_dejana,sevon_dejana_8.jpg,"Coffee, Lavender, Light Gray"
sevon_dejana,sevon_dejana_9.jpg,"Terracotta/Rust, Coffee, Light Gray"
street_souk,street_souk_1.jpg,"Dusty Pink, Coffee"
street_souk,street_souk_10.jpg,"Coffee, Light Gray"
street_souk,street_souk_11.jpg,"Coffee, Light Gray"
street_souk,street_souk_12.jpg,"Coffee, Lavender"
street_souk,street_souk_13.jpg,"Coffee, Light Gray"
street_souk,street_souk_14.jpg,Light Gray
street_souk,street_souk_15.jpg,"Coffee, Light Gray"
street_souk,street_souk_16.jpg,Light Gray
street_souk,street_souk_17.jpg,Coffee
street_souk,street_souk_2.jpg,Coffee
street_souk,street_souk_3.jpg,Black
street_souk,street_souk_4.jpg,Crimson
street_souk,street_souk_6.jpg,"Coffee, Light Gray"
street_souk,street_souk_7.jpg,"Coffee, Pure White, Light Gray"
street_souk,street_souk_8.jpg,Lavender
street_souk,street_souk_9.jpg,Charcoal
studio_imo,studio_imo_1.jpg,"Dusty Pink, Lavender"
studio_imo,studio_imo_10.jpg,"Dusty Pink, Coffee, Orange"
studio_imo,studio_imo_11.jpg,Coffee
studio_imo,studio_imo_12.jpg,"Coffee, Peach"
studio_imo,studio_imo_13.jpg,"Coffee, Peach"
studio_imo,studio_imo_14.jpg,"Plum, Peach"
studio_imo,studio_imo_15.jpg,"Terracotta/Rust, Coffee, Light Gray"
studio_imo,studio_imo_16.jpg,"Light Purple, Royal Blue, Light Gray"
studio_imo,studio_imo_17.jpg,"Coffee, Light Purple, Royal Blue"
studio_imo,studio_imo_18.jpg,"Coffee, Light Purple, Royal Blue"
studio_imo,studio_imo_19.jpg,"Terracotta/Rust, Dusty Pink, Coffee"
studio_imo,studio_imo_2.jpg,"Coffee, Light Gray"
studio_imo,studio_imo_20.jpg,"Plum, Coffee, Light Gray"
studio_imo,studio_imo_21.jpg,"Teal, Light Gray"
studio_imo,studio_imo_22.jpg,"Terracotta/Rust, Coffee, Mustard Yellow, Charcoal"
studio_imo,studio_imo_23.jpg,"Emerald Green, Royal Blue"
studio_imo,studio_imo_24.jpg,Forest Green
studio_imo,studio_imo_25.jpg,"Dusty Pink, Light Purple, Coffee"
studio_imo,studio_imo_26.jpg,Forest Green
studio_imo,studio_imo_27.jpg,"Possible_Plum, Crimson"
studio_imo,studio_imo_28.jpg,Crimson
studio_imo,studio_imo_29.jpg,"Crimson, Lavender"
studio_imo,studio_imo_3.jpg,"Coffee, Lavender"
studio_imo,studio_imo_30.jpg,"Dusty Pink, Crimson, Royal Blue"
studio_imo,studio_imo_4.jpg,"Dusty Pink, Coffee"
studio_imo,studio_imo_5.jpg,Royal Blue
studio_imo,studio_imo_6.jpg,"Coffee, Lavender"
studio_imo,studio_imo_7.jpg,"Orange, Coffee, Mustard Yellow"
studio_imo,studio_imo_8.jpg,"Coffee, Orange, Peach"
studio_imo,studio_imo_9.jpg,"Coffee, Peach"
wote,wote_1.jpg,"Terracotta/Rust, Light Gray"
wote,wote_10.jpg,Terracotta/Rust
wote,wote_11.jpg,"Mustard Yellow, Coral"
wote,wote_12.jpg,Light Gray
wote,wote_13.jpg,Light Gray
wote,wote_14.jpg,"Mustard Yellow, Chocolate Brown, Coffee, Orange"
wote,wote_15.jpg,"Coffee, Lavender"
wote,wote_16.jpg,"Dusty Pink, Lavender, Charcoal"
wote,wote_17.jpg,"Mustard Yellow, Orange, Charcoal, Light Gray"
wote,wote_18.jpg,"Mustard Yellow, Orange, Charcoal, Light Gray"
wote,wote_19.jpg,Light Gray
wote,wote_2.jpg,"Lavender, Charcoal, Royal Blue, Light Purple, Mustard Yellow"
wote,wote_20.jpg,Light Gray
wote,wote_21.jpg,"Chocolate Brown, Coffee, Coral"
wote,wote_22.jpg,"Chocolate Brown, Coffee, Coral"
wote,wote_23.jpg,"Chocolate Brown, Coffee, Coral"
wote,wote_24.jpg,"Coffee, Chocolate Brown"
wote,wote_25.jpg,"Chocolate Brown, Coffee, Orange, Peach"
wote,wote_26.jpg,"Chocolate Brown, Coffee, Peach"
wote,wote_27.jpg,Charcoal
wote,wote_28.jpg,Black
wote,wote_29.jpg,"Charcoal, Teal, Light Purple, Light Gray"
wote,wote_3.jpg,"Coffee, Mustard Yellow, Light Gray, Royal Blue"
wote,wote_30.jpg,Charcoal
wote,wote_31.jpg,"Light Purple, Mustard Yellow"
wote,wote_32.jpg,"Coffee, Mustard Yellow, Lavender"
wote,wote_33.jpg,"Mustard Yellow, Lavender"
wote,wote_4.jpg,Orange
wote,wote_5.jpg,"Terracotta/Rust, Crimson, Hot Pink"
wote,wote_6.jpg,"Gold, Coffee, Orange"
wote,wote_7.jpg,"Terracotta/Rust, Orange"
wote,wote_8.jpg,"Charcoal, Crimson, Orange, Coffee, Peach"
wote,wote_9.jpg,"Mustard Yellow, Light Gray"
y'wande,y'wande_1.jpg,"Chocolate Brown, Coffee, Lavender"
y'wande,y'wande_10.jpg,Lavender
y'wande,y'wande_11.jpg,Light Gray
y'wande,y'wande_12.jpg,Light Gray
y'wande,y'wande_13.jpg,"Chocolate Brown, Coffee, Pure White"
y'wande,y'wande_14.jpg,"Dusty Pink, Coffee, Lavender"
y'wande,y'wande_15.jpg,"Coffee, Light Gray"
y'wande,y'wande_16.jpg,"Terracotta/Rust, Coffee, Peach"
y'wande,y'wande_17.jpg,"Terracotta/Rust, Coffee, Orange, Light Gray"
y'wande,y'wande_18.jpg,"Terracotta/Rust, Coffee, Orange"
y'wande,y'wande_19.jpg,"Terracotta/Rust, Coffee, Peach"
y'wande,y'wande_2.jpg,"Terracotta/Rust, Pure White, Light Gray"
y'wande,y'wande_20.jpg,"Crimson, Red, Light Gray"
y'wande,y'wande_21.jpg,"Crimson, Red, Coffee"
y'wande,y'wande_22.jpg,"Coffee, Red, Light Gray"
y'wande,y'wande_23.jpg,"Coffee, Lavender"
y'wande,y'wande_24.jpg,"Dusty Pink, Coffee, Lavender"
y'wande,y'wande_25.jpg,"Dusty Pink, Coffee, Lavender"
y'wande,y'wande_26.jpg,"Crimson, Coffee, Lavender, Coral"
y'wande,y'wande_27.jpg,"Crimson, Coffee, Lavender, Coral"
y'wande,y'wande_28.jpg,"Lavender, Light Gray"
y'wande,y'wande_29.jpg,"Dusty Pink, Coffee, Pure White, Light Gray"
y'wande,y'wande_3.jpg,Lavender
y'wande,y'wande_30.jpg,"Terracotta/Rust, Dusty Pink, Coffee, Lavender"
y'wande,y'wande_31.jpg,Chocolate Brown
y'wande,y'wande_32.jpg,"Coffee, Lavender"
y'wande,y'wande_33.jpg,Coral
y'wande,y'wande_34.jpg,"Coffee, Lavender"
y'wande,y'wande_4.jpg,"Coffee, Light Gray"
y'wande,y'wande_5.jpg,"Coffee, Lavender"
y'wande,y'wande_6.jpg,"Dusty Pink, Coffee, Lavender"
y'wande,y'wande_7.jpg,"Dusty Pink, Coffee"
y'wande,y'wande_8.jpg,Coffee
y'wande,y'wande_9.jpg,Light Gray
